<?xml version="1.0" encoding="UTF-8"?>
<configuration debug="false" scan="true" scanPeriod="10 seconds">

    <!-- Log file path ../../../../../../../ to disk root -->
    <property name="log.path" value="../logs" />

    <!-- Spring boot default -->
    <include resource="org/springframework/boot/logging/logback/defaults.xml" />

    <!-- Console log output -->
    <appender name="console" class="ch.qos.logback.core.ConsoleAppender">
        <encoder>
            <pattern>%d{MM-dd HH:mm:ss.SSS} %-5level [%logger{50}] - %msg%n</pattern>
        </encoder>
    </appender>

    <!-- Log file debug output -->
    <appender name="debug" class="ch.qos.logback.core.rolling.RollingFileAppender">
        <file>${log.path}/datahub.log</file>
        <rollingPolicy class="ch.qos.logback.core.rolling.SizeAndTimeBasedRollingPolicy">
            <fileNamePattern>${log.path}/debug.%d{yyyy-MM-dd}.%i.log.zip</fileNamePattern>
            <maxFileSize>50MB</maxFileSize>
            <maxHistory>7</maxHistory>
        </rollingPolicy>
        <encoder>
            <pattern>%date [%thread] %-5level [%logger{50}] %file:%line - %msg%n</pattern>
        </encoder>
    </appender>

    <!-- Log file error output -->
    <appender name="error" class="ch.qos.logback.core.rolling.RollingFileAppender">
        <file>${log.path}/error.log</file>
        <rollingPolicy class="ch.qos.logback.core.rolling.SizeAndTimeBasedRollingPolicy">
            <fileNamePattern>${log.path}/error.%d{yyyy-MM-dd}.%i.log.zip</fileNamePattern>
            <maxFileSize>50MB</maxFileSize>
            <maxHistory>7</maxHistory>
        </rollingPolicy>
        <encoder>
            <pattern>%date [%thread] %-5level [%logger{50}] %file:%line - %msg%n</pattern>
        </encoder>
        <filter class="ch.qos.logback.classic.filter.ThresholdFilter">
            <level>WARN</level>
        </filter>
    </appender>

    <!-- Level: FATAL 0  ERROR 3  WARN 4  INFO 6  DEBUG 7 -->
    <root level="INFO">
        <appender-ref ref="console" />
        <appender-ref ref="debug" />
        <appender-ref ref="error" />
    </root>

    <logger name="com.walletech.datahub" level="DEBUG"/>
    <logger name="org.springframework" level="INFO"/>
    <logger name="org.mybatis" level="INFO"/>
    <logger name="com.walletech.dao.mapper" level="INFO"/>

</configuration>