<?xml version="1.0" encoding="UTF-8" ?>
<!DOCTYPE mapper PUBLIC "-//mybatis.org//DTD Mapper 3.0//EN" "http://mybatis.org/dtd/mybatis-3-mapper.dtd" >
<mapper namespace="com.walletech.dao.mapper.ConnectFailedAddrMapper" >
  <resultMap id="BaseResultMap" type="com.walletech.po.ConnectFailedAddr" >
    <id column="id" property="id" jdbcType="INTEGER" />
    <result column="gprs_id" property="gprsId" jdbcType="VARCHAR" />
    <result column="address_type" property="addressType" jdbcType="BIT" />
    <result column="error_address" property="errorAddress" jdbcType="VARCHAR" />
    <result column="rcv_tiem" property="rcvTiem" jdbcType="TIMESTAMP" />
  </resultMap>
  <sql id="Base_Column_List" >
    id, address_type, error_address, rcv_tiem
  </sql>
  <insert id="insertConnectFailedAddr" parameterType="com.walletech.po.ConnectFailedAddr" >
    insert into connect_failed_address
    <trim prefix="(" suffix=")" suffixOverrides="," >
      <if test="id != null" >
        id,
      </if>
      <if test="gprsId != null" >
        gprs_id,
      </if>
      <if test="addressType != null" >
        address_type,
      </if>
      <if test="errorAddress != null" >
        error_address,
      </if>
      <if test="rcvTiem != null" >
        rcv_tiem,
      </if>
    </trim>
    <trim prefix="values (" suffix=")" suffixOverrides="," >
      <if test="id != null" >
        #{id,jdbcType=INTEGER},
      </if>
      <if test="gprsId != null">
        #{gprsId,jdbcType=VARCHAR},
      </if>
      <if test="addressType != null" >
        #{addressType,jdbcType=BIT},
      </if>
      <if test="errorAddress != null" >
        #{errorAddress,jdbcType=VARCHAR},
      </if>
      <if test="rcvTiem != null" >
        #{rcvTiem,jdbcType=TIMESTAMP},
      </if>
    </trim>
  </insert>
</mapper>