<?xml version="1.0" encoding="UTF-8" ?>
<!DOCTYPE mapper PUBLIC "-//mybatis.org//DTD Mapper 3.0//EN" "http://mybatis.org/dtd/mybatis-3-mapper.dtd" >
<mapper namespace="com.walletech.dao.mapper.ConnectAddrInfoMapper" >
  <resultMap id="BaseResultMap" type="com.walletech.po.ConnectAddrInfo" >
    <id column="id" property="id" jdbcType="INTEGER" />
    <result column="gprs_id" property="gprsId" jdbcType="VARCHAR" />
    <result column="type_1" property="type1" jdbcType="INTEGER" />
    <result column="adress_1" property="adress1" jdbcType="VARCHAR" />
    <result column="type_2" property="type2" jdbcType="INTEGER" />
    <result column="adress_2" property="adress2" jdbcType="VARCHAR" />
    <result column="type_3" property="type3" jdbcType="INTEGER" />
    <result column="adress_3" property="adress3" jdbcType="VARCHAR" />
    <result column="type_4" property="type4" jdbcType="INTEGER" />
    <result column="adress_4" property="adress4" jdbcType="VARCHAR" />
    <result column="send_time" property="sendTime" jdbcType="TIMESTAMP" />
    <result column="send_done" property="sendDone" jdbcType="INTEGER" />
  </resultMap>
  <sql id="Base_Column_List" >
    id, gprs_id, type_1, adress_1, type_2, adress_2, type_3, adress_3, type_4, adress_4, 
    send_time, send_done
  </sql>
  <select id="pollingConnectAddrInfoRead" resultMap="BaseResultMap" parameterType="java.lang.Integer" >
    select t1.*
    from connectadress_data_send t1,gprs_connection_info t2
    where t1.gprs_id = t2.gprs_id and t2.link_status = 1 and t2.server_num = #{serverNum} and t1.send_done = 0
  </select>
  <delete id="deleteByPrimaryKey" parameterType="java.lang.Integer" >
    delete from connectadress_data_send
    where id = #{id,jdbcType=INTEGER}
  </delete>
  <insert id="insert" parameterType="com.walletech.po.ConnectAddrInfo" >
    insert into connectadress_data_send (id, gprs_id, type_1, 
      adress_1, type_2, adress_2, 
      type_3, adress_3, type_4, 
      adress_4, send_time, send_done
      )
    values (#{id,jdbcType=INTEGER}, #{gprsId,jdbcType=VARCHAR}, #{type1,jdbcType=INTEGER}, 
      #{adress1,jdbcType=VARCHAR}, #{type2,jdbcType=INTEGER}, #{adress2,jdbcType=VARCHAR}, 
      #{type3,jdbcType=INTEGER}, #{adress3,jdbcType=VARCHAR}, #{type4,jdbcType=INTEGER}, 
      #{adress4,jdbcType=VARCHAR}, #{sendTime,jdbcType=TIMESTAMP}, #{sendDone,jdbcType=INTEGER}
      )
  </insert>
  <insert id="replaceConnectAddrInfo" parameterType="com.walletech.po.ConnectAddrInfo" >
    replace into connectadress_data_send
    <trim prefix="(" suffix=")" suffixOverrides="," >
      <if test="gprsId != null" >
        gprs_id,
      </if>
      <if test="type1 != null" >
        type_1,
      </if>
      <if test="adress1 != null" >
        adress_1,
      </if>
      <if test="type2 != null" >
        type_2,
      </if>
      <if test="adress2 != null" >
        adress_2,
      </if>
      <if test="type3 != null" >
        type_3,
      </if>
      <if test="adress3 != null" >
        adress_3,
      </if>
      <if test="type4 != null" >
        type_4,
      </if>
      <if test="adress4 != null" >
        adress_4,
      </if>
      <if test="sendTime != null" >
        send_time,
      </if>
      <if test="sendDone != null" >
        send_done,
      </if>
    </trim>
    <trim prefix="values (" suffix=")" suffixOverrides="," >
      <if test="gprsId != null" >
        #{gprsId,jdbcType=VARCHAR},
      </if>
      <if test="type1 != null" >
        #{type1,jdbcType=INTEGER},
      </if>
      <if test="adress1 != null" >
        #{adress1,jdbcType=VARCHAR},
      </if>
      <if test="type2 != null" >
        #{type2,jdbcType=INTEGER},
      </if>
      <if test="adress2 != null" >
        #{adress2,jdbcType=VARCHAR},
      </if>
      <if test="type3 != null" >
        #{type3,jdbcType=INTEGER},
      </if>
      <if test="adress3 != null" >
        #{adress3,jdbcType=VARCHAR},
      </if>
      <if test="type4 != null" >
        #{type4,jdbcType=INTEGER},
      </if>
      <if test="adress4 != null" >
        #{adress4,jdbcType=VARCHAR},
      </if>
      <if test="sendTime != null" >
        #{sendTime,jdbcType=TIMESTAMP},
      </if>
      <if test="sendDone != null" >
        #{sendDone,jdbcType=INTEGER},
      </if>
    </trim>
  </insert>
  <update id="updateConnectAddrInfo" parameterType="com.walletech.po.ConnectAddrInfo" >
    update connectadress_data_send
    <set >
      <if test="sendTime != null" >
        send_time = #{sendTime,jdbcType=TIMESTAMP},
      </if>
      <if test="sendDone != null" >
        send_done = #{sendDone,jdbcType=INTEGER},
      </if>
    </set>
    where id = #{id,jdbcType=INTEGER}
  </update>
  <update id="updateByPrimaryKey" parameterType="com.walletech.po.ConnectAddrInfo" >
    update connectadress_data_send
    set gprs_id = #{gprsId,jdbcType=VARCHAR},
      type_1 = #{type1,jdbcType=INTEGER},
      adress_1 = #{adress1,jdbcType=VARCHAR},
      type_2 = #{type2,jdbcType=INTEGER},
      adress_2 = #{adress2,jdbcType=VARCHAR},
      type_3 = #{type3,jdbcType=INTEGER},
      adress_3 = #{adress3,jdbcType=VARCHAR},
      type_4 = #{type4,jdbcType=INTEGER},
      adress_4 = #{adress4,jdbcType=VARCHAR},
      send_time = #{sendTime,jdbcType=TIMESTAMP},
      send_done = #{sendDone,jdbcType=INTEGER}
    where id = #{id,jdbcType=INTEGER}
  </update>
</mapper>