<?xml version="1.0" encoding="UTF-8" ?>
<!DOCTYPE mapper PUBLIC "-//mybatis.org//DTD Mapper 3.0//EN" "http://mybatis.org/dtd/mybatis-3-mapper.dtd" >
<mapper namespace="com.walletech.dao.mapper.GprsDeviceReadInfoMapper" >
  <resultMap id="BaseResultMap" type="com.walletech.po.GprsDeviceReadInfo" >
    <id column="id" property="id" jdbcType="INTEGER" />
    <result column="gprs_id" property="gprsId" jdbcType="VARCHAR" />
    <result column="read_done" property="readDone" jdbcType="BIT" />
    <result column="read_time" property="readTime" jdbcType="TIMESTAMP" />
  </resultMap>
  <sql id="Base_Column_List" >
    id, gprs_id, read_done, read_time
  </sql>
  <select id="pollingGprsDeviceRead" resultMap="BaseResultMap" parameterType="java.lang.Integer" >
    select t1.*
    from gprs_device_read t1,gprs_connection_info t2
    where t1.gprs_id = t2.gprs_id and t2.server_num = #{serverNum} and t2.link_status = 1 and t1.read_done = false
  </select>
  <delete id="deleteByPrimaryKey" parameterType="java.lang.Integer" >
    delete from gprs_device_read
    where id = #{id,jdbcType=INTEGER}
  </delete>
  <insert id="insert" parameterType="com.walletech.po.GprsDeviceReadInfo" >
    insert into gprs_device_read (id, gprs_id, read_done, 
      read_time)
    values (#{id,jdbcType=INTEGER}, #{gprsId,jdbcType=VARCHAR}, #{readDone,jdbcType=BIT}, 
      #{readTime,jdbcType=TIMESTAMP})
  </insert>
  <insert id="insertSelective" parameterType="com.walletech.po.GprsDeviceReadInfo" >
    insert into gprs_device_read
    <trim prefix="(" suffix=")" suffixOverrides="," >
      <if test="id != null" >
        id,
      </if>
      <if test="gprsId != null" >
        gprs_id,
      </if>
      <if test="readDone != null" >
        read_done,
      </if>
      <if test="readTime != null" >
        read_time,
      </if>
    </trim>
    <trim prefix="values (" suffix=")" suffixOverrides="," >
      <if test="id != null" >
        #{id,jdbcType=INTEGER},
      </if>
      <if test="gprsId != null" >
        #{gprsId,jdbcType=VARCHAR},
      </if>
      <if test="readDone != null" >
        #{readDone,jdbcType=BIT},
      </if>
      <if test="readTime != null" >
        #{readTime,jdbcType=TIMESTAMP},
      </if>
    </trim>
  </insert>
  <update id="updateByPrimaryKeySelective" parameterType="com.walletech.po.GprsDeviceReadInfo" >
    update gprs_device_read
    <set >
      <if test="readDone != null" >
        read_done = #{readDone,jdbcType=BIT},
      </if>
    </set>
    where id = #{id,jdbcType=INTEGER}
  </update>
  <update id="updateByPrimaryKey" parameterType="com.walletech.po.GprsDeviceReadInfo" >
    update gprs_device_read
    set gprs_id = #{gprsId,jdbcType=VARCHAR},
      read_done = #{readDone,jdbcType=BIT},
      read_time = #{readTime,jdbcType=TIMESTAMP}
    where id = #{id,jdbcType=INTEGER}
  </update>
</mapper>