<?xml version="1.0" encoding="UTF-8"?>
<!DOCTYPE mapper PUBLIC "-//mybatis.org//DTD Mapper 3.0//EN" "http://mybatis.org/dtd/mybatis-3-mapper.dtd">
<mapper namespace="com.walletech.dao.mapper.GprsRestartInfoMapper">
  <resultMap id="BaseResultMap" type="com.walletech.po.GprsRestartInfo">
    <id column="id" jdbcType="INTEGER" property="id" />
    <result column="gprs_id" jdbcType="VARCHAR" property="gprsId" />
    <result column="type" jdbcType="INTEGER" property="type" />
    <result column="cell_index" jdbcType="INTEGER" property="cellIndex" />
    <result column="send_done" jdbcType="INTEGER" property="sendDone" />
    <result column="send_time" jdbcType="TIMESTAMP" property="sendTime" />
  </resultMap>
  <sql id="Base_Column_List">
    id, gprs_id, type, cell_index, send_done, send_time
  </sql>

  <insert id="insertGprsRestartInfo" parameterType="com.walletech.po.GprsRestartInfo">
    insert into gprs_restart_send
    <trim prefix="(" suffix=")" suffixOverrides=",">
      <if test="gprsId != null">
        gprs_id,
      </if>
      <if test="type != null">
        type,
      </if>
      <if test="cellIndex != null">
        cell_index,
      </if>
      <if test="sendDone != null">
        send_done,
      </if>
      <if test="sendTime != null">
        send_time,
      </if>
    </trim>
    <trim prefix="values (" suffix=")" suffixOverrides=",">
      <if test="gprsId != null">
        #{gprsId,jdbcType=VARCHAR},
      </if>
      <if test="type != null">
        #{type,jdbcType=INTEGER},
      </if>
      <if test="cellIndex != null">
        #{cellIndex,jdbcType=INTEGER},
      </if>
      <if test="sendDone != null">
        #{sendDone,jdbcType=INTEGER},
      </if>
      <if test="sendTime != null">
        #{sendTime,jdbcType=TIMESTAMP},
      </if>
    </trim>
  </insert>


  <update id="updateGprsRestartACK" parameterType="com.walletech.po.GprsRestartInfo" >
    update gprs_restart_send
    <set >
      <if test="sendDone != null" >
        send_done = #{sendDone,jdbcType=INTEGER},
      </if>
    </set>
    where gprs_id = #{gprsId,jdbcType=VARCHAR} and send_done=1 order by id limit 1
  </update>

  <select id="pollingGprsRestartInfo" resultMap="BaseResultMap" parameterType="INTEGER">
    select t1.*
    from gprs_restart_send t1,gprs_connection_info t2
    where t1.gprs_id = t2.gprs_id and t2.link_status = 1 and t2.server_num = #{serverNum} and t1.send_done = 0
  </select>

  <update id="updateGprsRestartSendStatus" parameterType="com.walletech.po.GprsRestartInfo">
    update gprs_restart_send
    <set >
      <if test="sendDone != null" >
        send_done = #{sendDone,jdbcType=INTEGER},
      </if>
      <if test="sendTime != null">
        send_time = #{sendTime,jdbcType=TIMESTAMP},
      </if>
    </set>
    where id = #{id,jdbcType=INTEGER}
  </update>

</mapper>