<?xml version="1.0" encoding="UTF-8" ?>
<!DOCTYPE mapper PUBLIC "-//mybatis.org//DTD Mapper 3.0//EN" "http://mybatis.org/dtd/mybatis-3-mapper.dtd" >
<mapper namespace="com.walletech.dao.mapper.ModifyIPPortInfoMapper" >
  <resultMap id="BaseResultMap" type="com.walletech.po.ModifyIPPortInfo" >
    <id column="id" property="id" jdbcType="INTEGER" />
    <result column="gprs_id" property="gprsId" jdbcType="VARCHAR" />
    <result column="IP_new" property="ipNew" jdbcType="VARCHAR" />
    <result column="Port_new" property="portNew" jdbcType="INTEGER" />
    <result column="send_time" property="sendTime" jdbcType="TIMESTAMP" />
    <result column="send_done" property="sendDone" jdbcType="INTEGER" />
  </resultMap>
  <sql id="Base_Column_List" >
    id, gprs_id, IP_new, Port_new, send_time, send_done
  </sql>
  <select id="pollingModifyIPPort" resultMap="BaseResultMap" parameterType="java.lang.Integer" >
    select t1.*
    from modify_ipport_send t1 , gprs_connection_info t2
    where t1.gprs_id = t2.gprs_id and t2.link_status = 1 and t2.server_num = #{serverNum} and t1.send_done = 0
  </select>
  <delete id="deleteByPrimaryKey" parameterType="java.lang.Integer" >
    delete from modify_ipport_send
    where id = #{id,jdbcType=INTEGER}
  </delete>
  <insert id="insert" parameterType="com.walletech.po.ModifyIPPortInfo" >
    insert into modify_ipport_send (id, gprs_id, IP_new, 
      Port_new, send_time, send_done
      )
    values (#{id,jdbcType=INTEGER}, #{gprsId,jdbcType=VARCHAR}, #{ipNew,jdbcType=VARCHAR}, 
      #{portNew,jdbcType=INTEGER}, #{sendTime,jdbcType=TIMESTAMP}, #{sendDone,jdbcType=INTEGER}
      )
  </insert>
  <insert id="insertSelective" parameterType="com.walletech.po.ModifyIPPortInfo" >
    insert into modify_ipport_send
    <trim prefix="(" suffix=")" suffixOverrides="," >
      <if test="id != null" >
        id,
      </if>
      <if test="gprsId != null" >
        gprs_id,
      </if>
      <if test="ipNew != null" >
        IP_new,
      </if>
      <if test="portNew != null" >
        Port_new,
      </if>
      <if test="sendTime != null" >
        send_time,
      </if>
      <if test="sendDone != null" >
        send_done,
      </if>
    </trim>
    <trim prefix="values (" suffix=")" suffixOverrides="," >
      <if test="id != null" >
        #{id,jdbcType=INTEGER},
      </if>
      <if test="gprsId != null" >
        #{gprsId,jdbcType=VARCHAR},
      </if>
      <if test="ipNew != null" >
        #{ipNew,jdbcType=VARCHAR},
      </if>
      <if test="portNew != null" >
        #{portNew,jdbcType=INTEGER},
      </if>
      <if test="sendTime != null" >
        #{sendTime,jdbcType=TIMESTAMP},
      </if>
      <if test="sendDone != null" >
        #{sendDone,jdbcType=INTEGER},
      </if>
    </trim>
  </insert>
  <update id="updateModifyIPPortInfo" parameterType="com.walletech.po.ModifyIPPortInfo" >
    update modify_ipport_send
    <set >
      <if test="sendTime != null" >
        send_time = #{sendTime,jdbcType=TIMESTAMP},
      </if>
      <if test="sendDone != null" >
        send_done = #{sendDone,jdbcType=INTEGER},
      </if>
    </set>
    where id = #{id,jdbcType=INTEGER}
  </update>
  <update id="updateModifyIPPortInfoACK" parameterType="com.walletech.po.ModifyIPPortInfo" >
    update modify_ipport_send
    set send_done = #{sendDone,jdbcType=INTEGER}
    where gprs_id= #{gprsId,jdbcType=VARCHAR} and send_done=1 order by id limit 1
  </update>
</mapper>