<?xml version="1.0" encoding="UTF-8"?>
<!DOCTYPE mapper PUBLIC "-//mybatis.org//DTD Mapper 3.0//EN"
        "http://mybatis.org/dtd/mybatis-3-mapper.dtd">
<mapper namespace="com.walletech.dao.mapper.PackDataCellInfoMapper">

    <resultMap id="infoResult" type="com.walletech.po.PackDataCellInfo">
        <id property="id" column="id"/>
        <result property="gprsId" column="gprs_id"/>
        <result property="cellIndex" column="cell_index"/>
        <result property="cellVol" column="cell_vol" javaType="BigDecimal" jdbcType="DECIMAL"/>
        <result property="cellCur" column="cell_cur" javaType="BigDecimal" jdbcType="DECIMAL"/>
        <result property="cellTem" column="cell_tem" javaType="BigDecimal" jdbcType="DECIMAL"/>
        <result property="cellEqu" column="cell_equ"/>
        <result property="cellSuc" column="cell_suc"/>
        <result property="rcvTime" column="rcv_time"/>
        <result property="packDataInfoId" column="pack_data_info_id"/>
    </resultMap>

    <sql id="Info-TABLE">
          pack_data_cellinfo
    </sql>

    <sql id="info_all_columns">
          id,gprs_id,cell_index,cell_vol,cell_cur,cell_tem,cell_equ,cell_suc,rcv_time,pack_data_info_id
    </sql>


    <insert id="insertCellInfo">
        insert into
        <include refid="Info-TABLE"/>
        <trim prefix="(" suffix=")" suffixOverrides=",">
            gprs_id,
            station_id,
            cell_index,
            cell_vol,
            cell_cur,
            cell_tem,
            cell_equ,
            cell_suc,
            rcv_time,
            pack_data_info_id,
        </trim>
        values
        <foreach collection="list" item="cell" separator=",">
            <trim prefix="(" suffixOverrides="," suffix=")">
                #{cell.gprsId},
                #{cell.stationId},
                #{cell.cellIndex},
                #{cell.cellVol},
                #{cell.cellCur},
                #{cell.cellTem},
                #{cell.cellEqu},
                #{cell.cellSuc},
                #{cell.rcvTime},
                #{cell.packDataInfoId}
            </trim>
        </foreach>
    </insert>
</mapper>