<?xml version="1.0" encoding="UTF-8" ?>
<!DOCTYPE mapper PUBLIC "-//mybatis.org//DTD Mapper 3.0//EN" "http://mybatis.org/dtd/mybatis-3-mapper.dtd" >
<mapper namespace="com.walletech.dao.mapper.ResistanceTypeReadInfoMapper" >
  <resultMap id="BaseResultMap" type="com.walletech.po.ResistanceTypeReadInfo" >
    <id column="id" property="id" jdbcType="INTEGER" />
    <result column="gprs_id" property="gprsId" jdbcType="VARCHAR" />
    <result column="send_time" property="sendTime" jdbcType="TIMESTAMP" />
    <result column="sub_num" property="subNum" jdbcType="TINYINT" />
    <result column="type" property="type" jdbcType="TINYINT" />
    <result column="max_vol_point" property="maxVolPoint" jdbcType="SMALLINT" />
    <result column="min_vol_point" property="minVolPoint" jdbcType="SMALLINT" />
    <result column="ave_cur_point" property="aveCurPoint" jdbcType="SMALLINT" />
    <result column="send_done" property="sendDone" jdbcType="TINYINT" />
  </resultMap>
  <sql id="Base_Column_List" >
    id, gprs_id, send_time, sub_num, type, max_vol_point, min_vol_point, ave_cur_point, 
    send_done
  </sql>

  <select id="pollingResistanceTypeRead" resultMap="BaseResultMap" parameterType="java.lang.Integer" >
    select t1.*
    from resistance_type_read t1, gprs_connection_info t2
    where t1.gprs_id = t2.gprs_id and t2.link_status = 1 and t2.server_num = #{serverNum} and t1.send_done = 0
  </select>

  <delete id="deleteByPrimaryKey" parameterType="java.lang.Integer" >
    delete from resistance_type_read
    where id = #{id,jdbcType=INTEGER}
  </delete>

  <insert id="insert" parameterType="com.walletech.po.ResistanceTypeReadInfo" >
    insert into resistance_type_read (id, gprs_id, send_time, 
      sub_num, type, max_vol_point, 
      min_vol_point, ave_cur_point, send_done
      )
    values (#{id,jdbcType=INTEGER}, #{gprsId,jdbcType=VARCHAR}, #{sendTime,jdbcType=TIMESTAMP}, 
      #{subNum,jdbcType=TINYINT}, #{type,jdbcType=TINYINT}, #{maxVolPoint,jdbcType=SMALLINT}, 
      #{minVolPoint,jdbcType=SMALLINT}, #{aveCurPoint,jdbcType=SMALLINT}, #{sendDone,jdbcType=TINYINT}
      )
  </insert>

  <insert id="insertSelective" parameterType="com.walletech.po.ResistanceTypeReadInfo" >
    insert into resistance_type_read
    <trim prefix="(" suffix=")" suffixOverrides="," >
      <if test="id != null" >
        id,
      </if>
      <if test="gprsId != null" >
        gprs_id,
      </if>
      <if test="sendTime != null" >
        send_time,
      </if>
      <if test="subNum != null" >
        sub_num,
      </if>
      <if test="type != null" >
        type,
      </if>
      <if test="maxVolPoint != null" >
        max_vol_point,
      </if>
      <if test="minVolPoint != null" >
        min_vol_point,
      </if>
      <if test="aveCurPoint != null" >
        ave_cur_point,
      </if>
      <if test="sendDone != null" >
        send_done,
      </if>
    </trim>
    <trim prefix="values (" suffix=")" suffixOverrides="," >
      <if test="id != null" >
        #{id,jdbcType=INTEGER},
      </if>
      <if test="gprsId != null" >
        #{gprsId,jdbcType=VARCHAR},
      </if>
      <if test="sendTime != null" >
        #{sendTime,jdbcType=TIMESTAMP},
      </if>
      <if test="subNum != null" >
        #{subNum,jdbcType=TINYINT},
      </if>
      <if test="type != null" >
        #{type,jdbcType=TINYINT},
      </if>
      <if test="maxVolPoint != null" >
        #{maxVolPoint,jdbcType=SMALLINT},
      </if>
      <if test="minVolPoint != null" >
        #{minVolPoint,jdbcType=SMALLINT},
      </if>
      <if test="aveCurPoint != null" >
        #{aveCurPoint,jdbcType=SMALLINT},
      </if>
      <if test="sendDone != null" >
        #{sendDone,jdbcType=TINYINT},
      </if>
    </trim>
  </insert>

  <update id="updateResistanceTypeReadInfo" parameterType="com.walletech.po.ResistanceTypeReadInfo" >
    update resistance_type_read
    <set >
      <if test="sendTime != null" >
        send_time = #{sendTime,jdbcType=TIMESTAMP},
      </if>
      <if test="sendDone != null" >
        send_done = #{sendDone,jdbcType=TINYINT},
      </if>
    </set>
    where id = #{id,jdbcType=INTEGER}
  </update>

  <update id="updateResistanceTypeReceive" parameterType="com.walletech.po.ResistanceTypeReadInfo" >
    update resistance_type_read
    <set >
      <if test="type != null" >
        type = #{type,jdbcType=TINYINT},
      </if>
      <if test="maxVolPoint != null" >
        max_vol_point = #{maxVolPoint,jdbcType=SMALLINT},
      </if>
      <if test="minVolPoint != null" >
        min_vol_point = #{minVolPoint,jdbcType=SMALLINT},
      </if>
      <if test="aveCurPoint != null" >
        ave_cur_point = #{aveCurPoint,jdbcType=SMALLINT},
      </if>
      <if test="sendDone != null" >
        send_done = #{sendDone,jdbcType=TINYINT},
      </if>
    </set>
    where  gprs_id = #{gprsId,jdbcType=VARCHAR} and send_done = 1 order by id limit 1
  </update>
</mapper>