<?xml version="1.0" encoding="UTF-8" ?>
<!DOCTYPE mapper PUBLIC "-//mybatis.org//DTD Mapper 3.0//EN" "http://mybatis.org/dtd/mybatis-3-mapper.dtd" >
<mapper namespace="com.walletech.dao.mapper.SalveVersionInfoMapper" >
  <resultMap id="BaseResultMap" type="com.walletech.po.SalveVersionInfo" >
    <result column="gprs_id" property="gprsId" jdbcType="VARCHAR" />
    <result column="cell_index" property="cellIndex" jdbcType="INTEGER" />
    <result column="version" property="version" jdbcType="VARCHAR" />
    <result column="update_tme" property="updateTme" jdbcType="TIMESTAMP" />
  </resultMap>
  <insert id="insert" parameterType="com.walletech.po.SalveVersionInfo" >
    insert into salve_version_info (gprs_id, cell_index, version, 
      update_tme)
    values (#{gprsId,jdbcType=VARCHAR}, #{cellIndex,jdbcType=INTEGER}, #{version,jdbcType=VARCHAR}, 
      #{updateTme,jdbcType=TIMESTAMP})
  </insert>
  <insert id="replaceSalveVersionInfos">
    replace into salve_version_info
    <trim prefix="(" suffix=")" suffixOverrides="," >
        gprs_id,
        cell_index,
        version,
        update_tme,
    </trim>
    values
    <foreach collection="list" item="salve" separator=",">
    <trim prefix="(" suffix=")" suffixOverrides="," >
        #{salve.gprsId,jdbcType=VARCHAR},
        #{salve.cellIndex,jdbcType=INTEGER},
        #{salve.version,jdbcType=VARCHAR},
        #{salve.updateTme,jdbcType=TIMESTAMP}
    </trim>
    </foreach>
  </insert>
</mapper>