<?xml version="1.0" encoding="UTF-8" ?>
<!DOCTYPE mapper PUBLIC "-//mybatis.org//DTD Mapper 3.0//EN" "http://mybatis.org/dtd/mybatis-3-mapper.dtd" >
<mapper namespace="com.walletech.dao.mapper.SubBalanceStatusSendMapper" >
  <resultMap id="BaseResultMap" type="com.walletech.po.SubBalanceStatusSend" >
    <id column="id" property="id" jdbcType="INTEGER" />
    <result column="gprs_id" property="gprsId" jdbcType="VARCHAR" />
    <result column="insert_time" property="insertTime" jdbcType="TIMESTAMP" />
    <result column="balance_subdevice_code" property="balanceSubdeviceCode" jdbcType="TINYINT" />
    <result column="up_balance" property="upBalance" jdbcType="INTEGER" />
    <result column="down_balance" property="downBalance" jdbcType="INTEGER" />
    <result column="send_done" property="sendDone" jdbcType="INTEGER" />
  </resultMap>
  <sql id="Base_Column_List" >
    id, gprs_id, insert_time, balance_subdevice_code, up_balance,down_balance, send_done
  </sql>

  <select id="pollingSubBalanceStatusSend" resultMap="BaseResultMap" parameterType="java.lang.Integer" >
    select t1.*
    from sub_balance_status_send t1 , gprs_connection_info t2
    where t1.gprs_id = t2.gprs_id and t2.link_status = 1 and t2.server_num = #{serverNum} and t1.send_done = 0
  </select>

  <update id="updateSubBalanceStatusSend" parameterType="com.walletech.po.SubBalanceStatusSend" >
    update sub_balance_status_send
    <set >
      <if test="gprsId != null" >
        gprs_id = #{gprsId,jdbcType=VARCHAR},
      </if>
      <if test="insertTime != null" >
        insert_time = #{insertTime,jdbcType=TIMESTAMP},
      </if>
      <if test="balanceSubdeviceCode != null" >
        balance_subdevice_code = #{balanceSubdeviceCode,jdbcType=TINYINT},
      </if>
      <if test="upBalance != null" >
        up_balance = #{upBalance,jdbcType=INTEGER},
      </if>
      <if test="downBalance != null" >
        down_balance = #{downBalance,jdbcType=INTEGER},
      </if>
      <if test="sendDone != null" >
        send_done = #{sendDone,jdbcType=INTEGER},
      </if>
    </set>
    where id = #{id,jdbcType=INTEGER}
  </update>

  <select id="checkTimeOut" resultMap="BaseResultMap" parameterType="com.walletech.po.SubBalanceStatusSend">
    select * from sub_balance_status_send where send_done = 1 and id = #{id,jdbcType=INTEGER}
  </select>

</mapper>