<?xml version="1.0" encoding="UTF-8"?>
<beans xmlns="http://www.springframework.org/schema/beans"
       xmlns:xsi="http://www.w3.org/2001/XMLSchema-instance"
       xmlns:context="http://www.springframework.org/schema/context"
       xmlns:tx="http://www.springframework.org/schema/tx" xmlns:aop="http://www.springframework.org/schema/aop"
       xsi:schemaLocation="http://www.springframework.org/schema/beans http://www.springframework.org/schema/beans/spring-beans.xsd
    http://www.springframework.org/schema/tx http://www.springframework.org/schema/tx/spring-tx.xsd
    http://www.springframework.org/schema/context http://www.springframework.org/schema/context/spring-context.xsd http://www.springframework.org/schema/aop http://www.springframework.org/schema/aop/spring-aop.xsd">
   <context:component-scan base-package="com.walletech.service" />
   <context:component-scan base-package="com.walletech.server"/>
   <context:component-scan base-package="com.walletech.analysis" />
   <context:component-scan base-package="com.walletech.task" />

    <bean id="threadPoolTaskExecutor"
          class="org.springframework.scheduling.concurrent.ThreadPoolTaskExecutor">
        <!-- 核心线程数，默认为1 -->
        <property name="corePoolSize" value="${corePoolSize}" />
        <!-- 最大线程数，默认为Integer.MAX_VALUE -->
        <property name="maxPoolSize" value="${maxPoolSize}" />
        <!-- 队列最大长度，一般需要设置值>=notifyScheduledMainExecutor.maxNum；默认为Integer.MAX_VALUE -->
        <property name="queueCapacity" value="${queueCapacity}" />
        <!-- 线程池维护线程所允许的空闲时间，默认为60s -->
        <property name="keepAliveSeconds" value="${keepAliveSeconds}" />
        <!-- 线程池对拒绝任务（无线程可用）的处理策略，目前只支持AbortPolicy、CallerRunsPolicy；默认为后者 -->
        <property name="rejectedExecutionHandler">
            <!-- AbortPolicy:直接抛出java.util.concurrent.RejectedExecutionException异常 -->
            <!-- CallerRunsPolicy:主线程直接执行该任务，执行完之后尝试添加下一个任务到线程池中，可以有效降低向线程池内添加任务的速度 -->
            <!-- DiscardOldestPolicy:抛弃旧的任务、暂不支持；会导致被丢弃的任务无法再次被执行 -->
            <!-- DiscardPolicy:抛弃当前任务、暂不支持；会导致被丢弃的任务无法再次被执行 -->
            <bean class="java.util.concurrent.ThreadPoolExecutor$CallerRunsPolicy" />
        </property>
    </bean>

    <bean id="dataSource" class="com.alibaba.druid.pool.DruidDataSource"
          init-method="init" destroy-method="close">
        <property name="driverClassName" value="${datasource.driverClassName}" />
        <property name="url" value="${datasource.url}" />
        <property name="username" value="${datasource.username}" />
        <property name="password" value="${datasource.password}" />
        <property name="filters" value="${datasource.filters}" />
        <property name="connectionProperties" value="${datasource.connectionProperties}" />
        <property name="initialSize" value="${datasource.initialSize}" />
        <property name="minIdle" value="${datasource.minIdle}" />
        <property name="maxActive" value="${datasource.maxActive}" />
        <!-- 配置获取连接等待超时的时间 -->
        <property name="maxWait" value="${datasource.maxWait}" />
        <!-- 配置间隔多久才进行一次检测，检测需要关闭的空闲连接，单位是毫秒 -->
        <property name="timeBetweenEvictionRunsMillis"
                  value="${datasource.timeBetweenEvictionRunsMillis}" />
        <!-- 配置一个连接在池中最小生存的时间，单位是毫秒 -->
        <property name="minEvictableIdleTimeMillis"
                  value="${datasource.minEvictableIdleTimeMillis}" />
        <property name="validationQuery" value="${datasource.validationQuery}" />
        <property name="testWhileIdle" value="${datasource.testWhileIdle}" />
        <property name="testOnBorrow" value="${datasource.testOnBorrow}" />
        <property name="testOnReturn" value="${datasource.testOnReturn}" />
        <!-- 打开PSCache，并且指定每个连接上PSCache的大小 -->
        <property name="poolPreparedStatements" value="${datasource.poolPreparedStatements}" />
        <property name="maxPoolPreparedStatementPerConnectionSize"
                  value="${datasource.maxPoolPreparedStatementPerConnectionSize}" />
        <!-- 打开removeAbandoned功能 -->
        <property name="removeAbandoned" value="${datasource.removeAbandoned}" />
        <!-- 1800秒，也就是30分钟 -->
        <property name="removeAbandonedTimeout" value="${datasource.removeAbandonedTimeout}" />
        <!-- 关闭abanded连接时输出错误日志 -->
        <property name="logAbandoned" value="${datasource.logAbandoned}" />
    </bean>

    <bean class="org.mybatis.spring.mapper.MapperScannerConfigurer">
        <property name="basePackage" value="com.walletech.dao.mapper" />
        <property name="sqlSessionTemplateBeanName" value="sqlSessionTemplate" />
    </bean>
    <bean id="sqlSessionTemplate" class="org.mybatis.spring.SqlSessionTemplate">
        <constructor-arg index="0" ref="sqlSessionFactory" />
    </bean>
    <bean id="sqlSessionFactory" class="org.mybatis.spring.SqlSessionFactoryBean">
        <property name="dataSource" ref="dataSource" />
        <property name="configuration">
            <bean class="org.apache.ibatis.session.Configuration">
                <property name="mapUnderscoreToCamelCase" value="true"/>
            </bean>
        </property>
        <property name="mapperLocations" value="classpath:config/ds/mapper/*.xml" />
    </bean>

    <bean id="transactionManager" class="org.springframework.jdbc.datasource.DataSourceTransactionManager">
        <property name="dataSource" ref="dataSource"/>
    </bean>


    <!-- redis连接池 -->
    <bean id="jedisConfig" class="redis.clients.jedis.JedisPoolConfig">
        <property name="maxTotal" value="${redis.maxTotal}"/>
        <property name="maxIdle" value="${redis.maxIdle}"/>
        <property name="maxWaitMillis" value="${redis.maxWaitMillis}"/>
        <property name="testOnBorrow" value="${redis.testOnBorrow}"/>
        <property name="testOnReturn" value="${redis.testOnReturn}"/>
        <property name="testWhileIdle" value="${redis.testWhileIdle}"/>
    </bean>
    <!-- redis连接工厂 -->
    <bean id="connectionFactory" class="org.springframework.data.redis.connection.jedis.JedisConnectionFactory">
        <property name="hostName" value="${redis.host}"/>
        <property name="port" value="${redis.port}"/>
        <property name="password" value="${redis.password}"/>
        <property name="poolConfig" ref="jedisConfig"/>
    </bean>
    <!-- redis操作模板，这里采用尽量面向对象的模板 -->
    <bean id="redisTemplate" class="org.springframework.data.redis.core.StringRedisTemplate">
        <property name="connectionFactory" ref="connectionFactory"/>
        <property name="keySerializer">
            <bean class="org.springframework.data.redis.serializer.StringRedisSerializer"/>
        </property>
        <property name="valueSerializer">
            <bean class="org.springframework.data.redis.serializer.JdkSerializationRedisSerializer"/>
        </property>
        <!--事务-->
        <property name="enableTransactionSupport" value="true"/>
    </bean>


    <tx:annotation-driven transaction-manager="transactionManager"/>

    <!-- 配置事务的增强 -->
    <tx:advice id="txAdvice" transaction-manager="transactionManager">
        <tx:attributes>
            <tx:method name="doService" rollback-for="QueueException"/>
        </tx:attributes>
    </tx:advice>

    <!-- 配置切面 -->
    <aop:config>
        <!-- 配置切点 -->
        <aop:pointcut expression="execution(* com.walletech.service.*.*(..))" id="service"/>
        <!-- 配置切面 -->
        <aop:advisor advice-ref="txAdvice" pointcut-ref="service"/>
    </aop:config>


    <import resource="classpath:config/queue/queue.xml"/>
</beans>